,csGHI,csPOA,dc_power,ac_power,time_of_year
2016-02-18 07:30:00-07:00,87.01266272589544,172.09720940211457,326.9846978640177,326.9846978640177,0.1320013661202186
2016-02-18 07:31:00-07:00,90.34006094454945,178.1453019989591,338.47607379802224,338.47607379802224,0.13200326350941108
2016-02-18 07:32:00-07:00,93.67678765584299,184.1390043408855,349.8641082476824,349.8641082476824,0.13200516089860354
2016-02-18 07:33:00-07:00,97.02189436835343,190.07989812211358,361.1518064320158,361.1518064320158,0.13200705828779602
2016-02-18 07:34:00-07:00,100.37450078999174,195.9694673220082,372.3419879118156,372.3419879118156,0.13200895567698848
2016-02-18 07:35:00-07:00,103.7337885050608,201.80911062330577,383.437310184281,383.437310184281,0.13201085306618096
2016-02-18 07:36:00-07:00,107.09899533643939,207.60015205025152,394.4402888954779,394.4402888954779,0.13201275045537342
2016-02-18 07:37:00-07:00,110.46941030613011,213.34384995743483,405.35331491912615,405.35331491912615,0.1320146478445659
2016-02-18 07:38:00-07:00,113.84436912211082,219.04140454695852,416.1786686392212,416.1786686392212,0.13201654523375836
2016-02-18 07:39:00-07:00,117.22325012595418,224.69396409789846,426.91853178600707,426.91853178600707,0.13201844262295084
2016-02-18 07:40:00-07:00,120.60547064919626,230.3026300984883,437.57499718712774,437.57499718712774,0.1320203400121433
2016-02-18 07:41:00-07:00,123.99048373046622,235.86846145239508,448.1500767595507,448.1500767595507,0.13202223740133578
2016-02-18 07:42:00-07:00,127.37777515387782,241.3924779176485,458.6457080435322,458.6457080435322,0.13202413479052824
2016-02-18 07:43:00-07:00,130.76686077194375,246.87566291292285,469.0637595345534,469.0637595345534,0.13202603217972073
2016-02-18 07:44:00-07:00,134.15728408260625,252.3189658105024,479.40603503995453,479.40603503995453,0.13202792956891318
2016-02-18 07:45:00-07:00,137.54861403375506,257.7233038172908,489.6742772528525,489.6742772528525,0.13202982695810567
2016-02-18 07:46:00-07:00,140.94044303003233,263.08956352542424,499.870170698306,499.870170698306,0.13203172434729812
2016-02-18 07:47:00-07:00,144.33238512142924,268.41860220328135,509.99534418623455,509.99534418623455,0.1320336217364906
2016-02-18 07:48:00-07:00,147.7240743555319,273.71124888496956,520.0513728814421,520.0513728814421,0.13203551912568307
2016-02-18 07:49:00-07:00,151.1151632757008,278.9683053024457,530.0397800746468,530.0397800746468,0.13203741651487555
2016-02-18 07:50:00-07:00,154.50532155106748,284.19054669870883,539.9620387275468,539.9620387275468,0.132039313904068
2016-02-18 07:51:00-07:00,157.8942347259206,289.3787225529692,549.8195728506415,549.8195728506415,0.1320412112932605
2016-02-18 07:52:00-07:00,161.28160307562842,294.53355723900955,559.6137587541181,559.6137587541181,0.13204310868245295
2016-02-18 07:53:00-07:00,164.667140559361,299.65575063622913,569.3459262088353,569.3459262088353,0.13204500607164543
2016-02-18 07:54:00-07:00,168.05057386087964,304.7459787084376,579.0173595460313,579.0173595460313,0.1320469034608379
2016-02-18 07:55:00-07:00,171.4316415082695,309.8048940595079,588.629298713065,588.629298713065,0.13204880085003037
2016-02-18 07:56:00-07:00,174.81009306527102,314.8331264739519,598.1829403005086,598.1829403005086,0.13205069823922286
2016-02-18 07:57:00-07:00,178.18568838810688,319.8312834491528,607.6794385533904,607.6794385533904,0.13205259562841531
2016-02-18 07:58:00-07:00,181.55819694191015,324.79995072337334,617.1199063744094,617.1199063744094,0.1320544930176078
2016-02-18 07:59:00-07:00,184.92739717055312,329.6278538140426,626.292922246681,626.292922246681,0.13205639040680026
2016-02-18 08:00:00-07:00,188.29307591557927,334.07517524182117,634.7428329594602,634.7428329594602,0.13205828779599274
2016-02-18 08:01:00-07:00,191.6550278804937,338.5628176672378,643.2693535677519,643.2693535677519,0.1320601851851852
2016-02-18 08:02:00-07:00,195.01305513538253,343.0820106629654,651.8558202596342,651.8558202596342,0.13206208257437768
2016-02-18 08:03:00-07:00,198.36696665854254,347.62501942626807,660.4875369099093,660.4875369099093,0.13206397996357014
2016-02-18 08:04:00-07:00,201.71657791347295,352.1851001677138,669.1516903186563,669.1516903186563,0.13206587735276262
2016-02-18 08:05:00-07:00,205.06171045582138,356.7564305948395,677.8372181301951,677.8372181301951,0.13206777474195508
2016-02-18 08:06:00-07:00,208.4021915696015,361.33402680426565,686.5346509281047,686.5346509281047,0.13206967213114756
2016-02-18 08:07:00-07:00,211.73785392960264,365.9136547434262,695.2359440125098,695.2359440125098,0.13207156952034002
2016-02-18 08:08:00-07:00,215.06853528760578,370.4917418723166,703.9343095574015,703.9343095574015,0.1320734669095325
2016-02-18 08:09:00-07:00,218.39407818143317,375.06529269964693,712.6240561293292,712.6240561293292,0.13207536429872496
2016-02-18 08:10:00-07:00,221.71432966341843,379.6318104006386,721.3004397612133,721.3004397612133,0.13207726168791745
2016-02-18 08:11:00-07:00,225.02914104859425,384.1892256741213,729.9595287808304,729.9595287808304,0.1320791590771099
2016-02-18 08:12:00-07:00,228.338367679514,388.7358332554646,738.5980831853827,738.5980831853827,0.1320810564663024
2016-02-18 08:13:00-07:00,231.64186870701445,393.2702360158438,747.2134484301033,747.2134484301033,0.13208295385549484
2016-02-18 08:14:00-07:00,234.93950688624395,397.7912962694654,755.8034629119843,755.8034629119843,0.13208485124468733
2016-02-18 08:15:00-07:00,238.2311483857135,402.29809372957243,764.3663780861876,764.3663780861876,0.13208674863387979
2016-02-18 08:16:00-07:00,241.516662608837,406.78988947021884,772.9007899934157,772.9007899934157,0.13208864602307227
2016-02-18 08:17:00-07:00,244.79592202795968,411.26609522651705,781.4055809303824,781.4055809303824,0.13209054341226473
2016-02-18 08:18:00-07:00,248.06880202797154,415.72624737561875,789.8798700136756,789.8798700136756,0.1320924408014572
2016-02-18 08:19:00-07:00,251.3351807604872,420.1699849862388,798.3229714738536,798.3229714738536,0.13209433819064967
2016-02-18 08:20:00-07:00,254.5949390075282,424.59703137291496,806.7343596085384,806.7343596085384,0.13209623557984215
2016-02-18 08:21:00-07:00,257.8479600533528,429.0071786483702,815.1136394319034,815.1136394319034,0.1320981329690346
2016-02-18 08:22:00-07:00,261.09412956392396,433.40027482739794,823.4605221720561,823.4605221720561,0.1321000303582271
2016-02-18 08:23:00-07:00,264.33333547497085,437.77621309465724,831.7748048798488,831.7748048798488,0.13210192774741958
2016-02-18 08:24:00-07:00,267.5654678856745,442.1349228942383,840.0563534990528,840.0563534990528,0.13210382513661204
2016-02-18 08:25:00-07:00,270.7904189594666,446.47636255426494,848.3050888531034,848.3050888531034,0.13210572252580452
2016-02-18 08:26:00-07:00,274.00808283034416,450.8005131967321,856.520975073791,856.520975073791,0.13210761991499698
2016-02-18 08:27:00-07:00,277.2183555152973,455.1073737238637,864.7040100753411,864.7040100753411,0.13210951730418946
2016-02-18 08:28:00-07:00,280.42113483167054,459.39695670150115,872.8542177328522,872.8542177328522,0.13211141469338192
2016-02-18 08:29:00-07:00,283.6163203187796,463.66928498883635,880.9716414787891,880.9716414787891,0.1321133120825744
2016-02-18 08:30:00-07:00,286.80381316515934,467.92438899131423,889.056339083497,889.056339083497,0.13211520947176686
2016-02-18 08:31:00-07:00,289.9835161392065,472.1623044274958,897.1083784122421,897.1083784122421,0.13211710686095934
2016-02-18 08:32:00-07:00,293.155333523831,476.38307052293663,905.1278339935797,905.1278339935797,0.1321190042501518
2016-02-18 08:33:00-07:00,296.3191710553241,480.58672855800944,913.1147842602179,913.1147842602179,0.13212090163934428
2016-02-18 08:34:00-07:00,299.4749358651388,484.7733207061438,921.0693093416733,921.0693093416733,0.13212279902853674
2016-02-18 08:35:00-07:00,302.6225364249345,488.9428891121863,928.991489313154,928.991489313154,0.13212469641772923
2016-02-18 08:36:00-07:00,305.76188249514337,493.09547516906105,936.8814028212159,936.8814028212159,0.13212659380692168
2016-02-18 08:37:00-07:00,308.89288507587827,497.2311189555079,944.7391260154651,944.7391260154651,0.13212849119611417
2016-02-18 08:38:00-07:00,312.01545636044045,501.3498588063212,952.5647317320103,952.5647317320103,0.13213038858530662
2016-02-18 08:39:00-07:00,315.1295096921906,505.45173099234194,960.3582888854497,960.3582888854497,0.1321322859744991
2016-02-18 08:40:00-07:00,318.2349595223432,509.5367694859923,968.1198620233853,968.1198620233853,0.13213418336369157
2016-02-18 08:41:00-07:00,321.3317213715004,513.6050058009489,975.849511021803,975.849511021803,0.13213608075288405
2016-02-18 08:42:00-07:00,324.4197117917991,517.6564688868455,983.5472908850064,983.5472908850064,0.1321379781420765
2016-02-18 08:43:00-07:00,327.4988483324612,521.6911850728519,991.2132516384187,991.2132516384187,0.132139875531269
2016-02-18 08:44:00-07:00,330.56904950606764,525.7091780461906,998.8474382877621,998.8474382877621,0.13214177292046145
2016-02-18 08:45:00-07:00,333.6302347568439,529.7104688603982,1006.4498908347565,1006.4498908347565,0.13214367030965393
2016-02-18 08:46:00-07:00,336.6823244310073,533.6950759672782,1014.0206443378285,1014.0206443378285,0.1321455676988464
2016-02-18 08:47:00-07:00,339.72523974816636,537.6630152657472,1021.5597290049195,1021.5597290049195,0.13214746508803887
2016-02-18 08:48:00-07:00,342.75890277416084,541.6143001641758,1029.067170311934,1029.067170311934,0.13214936247723136
2016-02-18 08:49:00-07:00,345.78323639570215,545.5489416536034,1036.5429891418464,1036.5429891418464,0.13215125986642381
2016-02-18 08:50:00-07:00,348.7981642960895,549.466948387826,1043.9872019368695,1043.9872019368695,0.1321531572556163
2016-02-18 08:51:00-07:00,351.80361093159974,553.368326767533,1051.3998208583128,1051.3998208583128,0.13215505464480876
2016-02-18 08:52:00-07:00,354.7995015100497,557.253081029467,1058.7808539559874,1058.7808539559874,0.13215695203400124
2016-02-18 08:53:00-07:00,357.7857619696436,561.1212133358513,1066.1303053381175,1066.1303053381175,0.1321588494231937
2016-02-18 08:54:00-07:00,360.76231895921524,564.972723865067,1073.4481753436273,1073.4481753436273,0.13216074681238618
2016-02-18 08:55:00-07:00,363.7290998191212,568.8076109013666,1080.7344607125967,1080.7344607125967,0.13216264420157864
2016-02-18 08:56:00-07:00,366.68603256359535,572.625870924517,1087.9891547565824,1087.9891547565824,0.13216454159077112
2016-02-18 08:57:00-07:00,369.63304586347925,576.4274986969172,1095.2122475241424,1095.2122475241424,0.13216643897996358
2016-02-18 08:58:00-07:00,372.5700690297935,580.2124873486974,1102.4037259625252,1102.4037259625252,0.13216833636915606
2016-02-18 08:59:00-07:00,375.4970319985415,583.9808284613162,1109.5635740765008,1109.5635740765008,0.13217023375834852
2016-02-18 09:00:00-07:00,378.4138653158527,587.7325121478409,1116.6917730808977,1116.6917730808977,0.132172131147541
2016-02-18 09:01:00-07:00,381.3205001235177,591.4675271299592,1123.7883015469224,1123.7883015469224,0.13217402853673346
2016-02-18 09:02:00-07:00,384.21686814639554,595.185860814408,1130.8531355473751,1130.8531355473751,0.13217592592592595
2016-02-18 09:03:00-07:00,387.102901678998,598.8874993638856,1137.8862487913827,1137.8862487913827,0.1321778233151184
2016-02-18 09:04:00-07:00,389.9785335734288,602.5724277664926,1144.887612756336,1144.887612756336,0.1321797207043109
2016-02-18 09:05:00-07:00,392.84369722802455,606.2406299026161,1151.8571968149706,1151.8571968149706,0.13218161809350334
2016-02-18 09:06:00-07:00,395.6983265761583,609.8920886083049,1158.7949683557792,1158.7949683557792,0.13218351548269583
2016-02-18 09:07:00-07:00,398.54235607553585,613.526785735907,1165.7008928982234,1165.7008928982234,0.13218541287188829
2016-02-18 09:08:00-07:00,401.37572069843606,617.1447022128881,1172.5749342044874,1172.5749342044874,0.13218731026108077
2016-02-18 09:09:00-07:00,404.1983559219194,620.7458180971681,1179.4170543846194,1179.4170543846194,0.13218920765027323
2016-02-18 09:10:00-07:00,407.0101977188111,624.3301126306051,1186.2272139981496,1186.2272139981496,0.1321911050394657
2016-02-18 09:11:00-07:00,409.8111825485909,627.8975642891182,1193.0053721493248,1193.0053721493248,0.13219300242865817
2016-02-18 09:12:00-07:00,412.60124734957407,631.4481508322103,1199.7514865811995,1199.7514865811995,0.13219489981785065
2016-02-18 09:13:00-07:00,415.3803295308003,634.98184934902,1206.465513763138,1206.465513763138,0.1321967972070431
2016-02-18 09:14:00-07:00,418.1483669640756,638.4986363018807,1213.1474089735732,1213.1474089735732,0.1321986945962356
2016-02-18 09:15:00-07:00,420.905297977178,641.9984875694122,1219.7971263818833,1219.7971263818833,0.13220059198542808
2016-02-18 09:16:00-07:00,423.651061346741,645.4813784864834,1226.4146191243185,1226.4146191243185,0.13220248937462054
2016-02-18 09:17:00-07:00,426.38559629151393,648.9472838824445,1232.9998393766446,1232.9998393766446,0.13220438676381302
2016-02-18 09:18:00-07:00,429.1088424663092,652.3961781183738,1239.5527384249103,1239.5527384249103,0.13220628415300548
2016-02-18 09:19:00-07:00,431.8207399558382,655.8280351219021,1246.073266731614,1246.073266731614,0.13220818154219796
2016-02-18 09:20:00-07:00,434.521229268861,659.242828420546,1252.5613739990372,1252.5613739990372,0.13221007893139042
2016-02-18 09:21:00-07:00,437.2102513327778,662.6405311738889,1259.0170092303888,1259.0170092303888,0.1322119763205829
2016-02-18 09:22:00-07:00,439.8877474884912,666.0211162043652,1265.4401207882938,1265.4401207882938,0.13221387370977536
2016-02-18 09:23:00-07:00,442.5536594850531,669.3845560258412,1271.8306564490983,1271.8306564490983,0.13221577109896784
2016-02-18 09:24:00-07:00,445.2079294753305,672.730822872403,1278.1885634575658,1278.1885634575658,0.1322176684881603
2016-02-18 09:25:00-07:00,447.8505000110031,676.0598887242356,1284.5137885760478,1284.5137885760478,0.13221956587735278
2016-02-18 09:26:00-07:00,450.48131403843365,679.3717253336016,1290.806278133843,1290.806278133843,0.13222146326654524
2016-02-18 09:27:00-07:00,453.1003148942895,682.6663042488442,1297.065978072804,1297.065978072804,0.13222336065573773
2016-02-18 09:28:00-07:00,455.7074463017914,685.9435968381946,1303.2928339925697,1303.2928339925697,0.13222525804493018
2016-02-18 09:29:00-07:00,458.3026523667717,689.2035743118358,1309.4867911924882,1309.4867911924882,0.13222715543412267
2016-02-18 09:30:00-07:00,460.8858775739162,692.4462077430302,1315.6477947117573,1315.6477947117573,0.13222905282331512
2016-02-18 09:31:00-07:00,463.4570667835248,695.6714680890218,1321.7757893691414,1321.7757893691414,0.1322309502125076
2016-02-18 09:32:00-07:00,466.0161652280622,698.8793262103507,1327.8707197996662,1327.8707197996662,0.13223284760170007
2016-02-18 09:33:00-07:00,468.56311850887516,702.0697528893512,1333.9325304897675,1333.9325304897675,0.13223474499089255
2016-02-18 09:34:00-07:00,471.0978725933502,705.2427188484482,1339.9611658120516,1339.9611658120516,0.132236642380085
2016-02-18 09:35:00-07:00,473.6203738120615,708.3981947674026,1345.956570058065,1345.956570058065,0.1322385397692775
2016-02-18 09:36:00-07:00,476.13056885566476,711.5361512990481,1351.9186874681914,1351.9186874681914,0.13224043715846995
2016-02-18 09:37:00-07:00,478.6284047726367,714.6565590857881,1357.8474622629974,1357.8474622629974,0.13224233454766243
2016-02-18 09:38:00-07:00,481.11382896657955,717.7593887742917,1363.7428386711542,1363.7428386711542,0.1322442319368549
2016-02-18 09:39:00-07:00,483.58678919392014,720.8446110301367,1369.6047609572597,1369.6047609572597,0.13224612932604737
2016-02-18 09:40:00-07:00,486.04723356133354,723.9121965510476,1375.4331734469904,1375.4331734469904,0.13224802671523986
2016-02-18 09:41:00-07:00,488.49511052399635,726.9621160810115,1381.2280205539219,1381.2280205539219,0.13224992410443231
2016-02-18 09:42:00-07:00,490.93036888328106,729.9943404225128,1386.9892468027742,1386.9892468027742,0.1322518214936248
2016-02-18 09:43:00-07:00,493.3529577845606,733.0088404482293,1392.7167968516358,1392.7167968516358,0.13225371888281726
2016-02-18 09:44:00-07:00,495.7628267157386,736.0055871135206,1398.4106155156892,1398.4106155156892,0.13225561627200974
2016-02-18 09:45:00-07:00,498.1599255051622,738.9845514669721,1404.070647787247,1404.070647787247,0.1322575136612022
2016-02-18 09:46:00-07:00,500.5442043199797,741.9457046611861,1409.6968388562536,1409.6968388562536,0.13225941105039468
2016-02-18 09:47:00-07:00,502.91561366449787,744.8890179629616,1415.289134129627,1415.289134129627,0.13226130843958714
2016-02-18 09:48:00-07:00,505.27410437866126,747.8144627631123,1420.8474792499132,1420.8474792499132,0.13226320582877962
2016-02-18 09:49:00-07:00,507.6196276364393,750.7220105855024,1426.3718201124545,1426.3718201124545,0.13226510321797208
2016-02-18 09:50:00-07:00,509.95213494461166,753.6116330963711,1431.8621028831049,1431.8621028831049,0.13226700060716456
2016-02-18 09:51:00-07:00,512.2715781413342,756.4833021126468,1437.318274014029,1437.318274014029,0.13226889799635702
2016-02-18 09:52:00-07:00,514.577909394763,759.3369896098527,1442.7402802587203,1442.7402802587203,0.1322707953855495
2016-02-18 09:53:00-07:00,516.8710812020425,762.1726677302996,1448.128068687569,1448.128068687569,0.13227269277474196
2016-02-18 09:54:00-07:00,519.1510463880305,764.990308790217,1453.4815867014124,1453.4815867014124,0.13227459016393445
2016-02-18 09:55:00-07:00,521.417758104264,767.7898852869395,1458.800782045185,1458.800782045185,0.1322764875531269
2016-02-18 09:56:00-07:00,523.6711698277878,770.5713699053317,1464.0856028201301,1464.0856028201301,0.1322783849423194
2016-02-18 09:57:00-07:00,525.9112353604648,773.3347355248402,1469.3359974971963,1469.3359974971963,0.13228028233151184
2016-02-18 09:58:00-07:00,528.1379088277886,776.0799552250121,1474.5519149275228,1474.5519149275228,0.13228217972070433
2016-02-18 09:59:00-07:00,530.3511446780653,778.8070022914342,1479.7333043537249,1479.7333043537249,0.13228407710989679
2016-02-18 10:00:00-07:00,532.5508976816158,781.515850221298,1484.8801154204662,1484.8801154204662,0.13228597449908927
2016-02-18 10:01:00-07:00,534.7371229300768,784.2064727288301,1489.9922981847774,1489.9922981847774,0.13228787188828173
2016-02-18 10:02:00-07:00,536.9097758354696,786.8788437497967,1495.0698031246136,1495.0698031246136,0.1322897692774742
2016-02-18 10:03:00-07:00,539.0688121296959,789.5329374466418,1500.1125811486193,1500.1125811486193,0.13229166666666667
2016-02-18 10:04:00-07:00,541.2141878638014,792.1687282127255,1505.1205836041784,1505.1205836041784,0.13229356405585915
2016-02-18 10:05:00-07:00,543.345859407283,794.7861906763351,1510.0937622850365,1510.0937622850365,0.13229546144505164
2016-02-18 10:06:00-07:00,545.4637834476696,797.3852997049928,1515.0320694394863,1515.0320694394863,0.1322973588342441
2016-02-18 10:07:00-07:00,547.5679169898963,799.966030408975,1519.9354577770525,1519.9354577770525,0.13229925622343658
2016-02-18 10:08:00-07:00,549.6582173557049,802.5283581445673,1524.8038804746777,1524.8038804746777,0.13230115361262904
2016-02-18 10:09:00-07:00,551.734642183417,805.0722585179154,1529.6372911840392,1529.6372911840392,0.13230305100182152
2016-02-18 10:10:00-07:00,553.7971494272434,807.5977073874756,1534.4356440362037,1534.4356440362037,0.13230494839101398
2016-02-18 10:11:00-07:00,555.8456973570179,810.1046808672027,1539.198893647685,1539.198893647685,0.13230684578020646
2016-02-18 10:12:00-07:00,557.8802445577047,812.5931553289041,1543.9269951249178,1543.9269951249178,0.13230874316939892
2016-02-18 10:13:00-07:00,559.9007499292012,815.063107405073,1548.6199040696386,1548.6199040696386,0.1323106405585914
2016-02-18 10:14:00-07:00,561.9071726858534,817.5145139907307,1553.2775765823883,1553.2775765823883,0.13231253794778386
2016-02-18 10:15:00-07:00,563.8994723562251,819.947352245668,1557.8999692667692,1557.8999692667692,0.13231443533697634
2016-02-18 10:16:00-07:00,565.8776087828671,822.361599596423,1562.4870392332039,1562.4870392332039,0.1323163327261688
2016-02-18 10:17:00-07:00,567.8415421220184,824.757233737879,1567.0387441019702,1567.0387441019702,0.13231823011536128
2016-02-18 10:18:00-07:00,569.7912328433368,827.1342326346764,1571.5550420058853,1571.5550420058853,0.13232012750455374
2016-02-18 10:19:00-07:00,571.7266417297208,829.4925745226543,1576.0358915930433,1576.0358915930433,0.13232202489374623
2016-02-18 10:20:00-07:00,573.6477298772588,831.8322379104053,1580.48125202977,1580.48125202977,0.13232392228293868
2016-02-18 10:21:00-07:00,575.5544586948049,834.1532015796375,1584.8910830013115,1584.8910830013115,0.13232581967213117
2016-02-18 10:22:00-07:00,577.4467899040554,836.4554445866536,1589.2653447146417,1589.2653447146417,0.13232771706132362
2016-02-18 10:23:00-07:00,579.3246855393195,838.7389462628249,1593.6039978993674,1593.6039978993674,0.1323296144505161
2016-02-18 10:24:00-07:00,581.1881079474517,841.003686215299,1597.907003809068,1597.907003809068,0.13233151183970857
2016-02-18 10:25:00-07:00,583.0370197876869,843.249644327255,1602.1743242217844,1602.1743242217844,0.13233340922890105
2016-02-18 10:26:00-07:00,584.8713840316705,845.4768007585276,1606.4059214412025,1606.4059214412025,0.1323353066180935
2016-02-18 10:27:00-07:00,586.6911639633466,847.6851359456477,1610.6017582967308,1610.6017582967308,0.132337204007286
2016-02-18 10:28:00-07:00,588.496323178865,849.8746306017568,1614.761798143338,1614.761798143338,0.13233910139647845
2016-02-18 10:29:00-07:00,590.286825586648,852.0452657168329,1618.8860048619827,1618.8860048619827,0.13234099878567093
2016-02-18 10:30:00-07:00,592.0626354073099,854.1970225573198,1622.9743428589077,1622.9743428589077,0.1323428961748634
2016-02-18 10:31:00-07:00,593.8237171736666,856.3298826658637,1627.026777065141,1627.026777065141,0.13234479356405587
2016-02-18 10:32:00-07:00,595.5700357307489,858.443827860895,1631.0432729357005,1631.0432729357005,0.13234669095324836
2016-02-18 10:33:00-07:00,597.3015562358363,860.5388402361552,1635.0237964486948,1635.0237964486948,0.13234858834244081
2016-02-18 10:34:00-07:00,599.0182441584324,862.6149021598685,1638.9683141037501,1638.9683141037501,0.1323504857316333
2016-02-18 10:35:00-07:00,600.7200652803929,864.6719962742844,1642.8767929211403,1642.8767929211403,0.13235238312082576
2016-02-18 10:36:00-07:00,602.4069856959368,866.7101054946859,1646.7492004399032,1646.7492004399032,0.13235428051001824
2016-02-18 10:37:00-07:00,604.0789718116729,868.7292130083368,1650.58550471584,1650.58550471584,0.1323561778992107
2016-02-18 10:38:00-07:00,605.7359903467617,870.7293022737381,1654.3856743201025,1654.3856743201025,0.13235807528840318
2016-02-18 10:39:00-07:00,607.3780083328975,872.7103570191664,1658.1496783364162,1658.1496783364162,0.13235997267759564
2016-02-18 10:40:00-07:00,609.0049931144991,874.6723612418006,1661.877486359421,1661.877486359421,0.13236187006678812
2016-02-18 10:41:00-07:00,610.6169123486993,876.6152992060411,1665.569068491478,1665.569068491478,0.13236376745598058
2016-02-18 10:42:00-07:00,612.2137340055779,878.539155442582,1669.2243953409059,1669.2243953409059,0.13236566484517306
2016-02-18 10:43:00-07:00,613.7954263681775,880.4439147465953,1672.843438018531,1672.843438018531,0.13236756223436552
2016-02-18 10:44:00-07:00,615.3619580326346,882.3295621762056,1676.4261681347907,1676.4261681347907,0.132369459623558
2016-02-18 10:45:00-07:00,616.9132979083679,884.1960830511491,1679.9725577971833,1679.9725577971833,0.13237135701275046
2016-02-18 10:46:00-07:00,618.4494152181456,886.0434629507927,1683.482579606506,1683.482579606506,0.13237325440194295
2016-02-18 10:47:00-07:00,619.9702794982545,887.8716877125075,1686.9562066537644,1686.9562066537644,0.1323751517911354
2016-02-18 10:48:00-07:00,621.4758605986585,889.6807434299288,1690.3934125168648,1690.3934125168648,0.1323770491803279
2016-02-18 10:49:00-07:00,622.9661286831321,891.4706164509931,1693.794171256887,1693.794171256887,0.13237894656952034
2016-02-18 10:50:00-07:00,624.4410542293977,893.2412933758898,1697.1584574141905,1697.1584574141905,0.13238084395871283
2016-02-18 10:51:00-07:00,625.9006080293269,894.9927610552894,1700.4862460050497,1700.4862460050497,0.1323827413479053
2016-02-18 10:52:00-07:00,627.3447611890741,896.7250065881293,1703.7775125174455,1703.7775125174455,0.13238463873709777
2016-02-18 10:53:00-07:00,628.7734851292572,898.4380173195573,1707.032232907159,1707.032232907159,0.13238653612629023
2016-02-18 10:54:00-07:00,630.1867515851236,900.1317808387624,1710.2503835936486,1710.2503835936486,0.1323884335154827
2016-02-18 10:55:00-07:00,631.5845326067314,901.806284976783,1713.4319414558877,1713.4319414558877,0.13239033090467517
2016-02-18 10:56:00-07:00,632.9668005591275,903.4615178042834,1716.5768838281385,1716.5768838281385,0.13239222829386765
2016-02-18 10:57:00-07:00,634.3335281225205,905.0974676291543,1719.685188495393,1719.685188495393,0.13239412568306014
2016-02-18 10:58:00-07:00,635.6846882924733,906.7141229942639,1722.7568336891013,1722.7568336891013,0.1323960230722526
2016-02-18 10:59:00-07:00,637.0202543800983,908.3114726751711,1725.7917980828252,1725.7917980828252,0.13239792046144508
2016-02-18 11:00:00-07:00,638.3402000122259,909.8895056774909,1728.7900607872327,1728.7900607872327,0.13239981785063754
2016-02-18 11:01:00-07:00,639.6444991316156,911.4482112346916,1731.751601345914,1731.751601345914,0.13240171523983002
2016-02-18 11:02:00-07:00,640.9331259971387,912.987578805511,1734.676399730471,1734.676399730471,0.13240361262902248
2016-02-18 11:03:00-07:00,642.2060551839724,914.5075980713402,1737.5644363355464,1737.5644363355464,0.13240551001821496
2016-02-18 11:04:00-07:00,643.4632615838048,916.008258934005,1740.4156919746094,1740.4156919746094,0.13240740740740742
2016-02-18 11:05:00-07:00,644.7047204050212,917.4895515129324,1743.2301478745717,1743.2301478745717,0.1324093047965999
2016-02-18 11:06:00-07:00,645.9304071729135,918.9514661426197,1746.0077856709775,1746.0077856709775,0.13241120218579236
2016-02-18 11:07:00-07:00,647.1402977298694,920.3939933701754,1748.7485874033332,1748.7485874033332,0.13241309957498484
2016-02-18 11:08:00-07:00,648.3343682355809,921.8171239525891,1751.4525355099192,1751.4525355099192,0.1324149969641773
2016-02-18 11:09:00-07:00,649.5125951672385,923.2208488541687,1754.1196128229205,1754.1196128229205,0.13241689435336979
2016-02-18 11:10:00-07:00,650.674955319742,924.6051592437848,1756.7498025631912,1756.7498025631912,0.13241879174256224
2016-02-18 11:11:00-07:00,651.8214258058889,925.9700464923665,1759.3430883354963,1759.3430883354963,0.13242068913175473
2016-02-18 11:12:00-07:00,652.9519840565808,927.3155021701702,1761.8994541233235,1761.8994541233235,0.13242258652094718
2016-02-18 11:13:00-07:00,654.0666078210377,928.64151804402,1764.4188842836381,1764.4188842836381,0.13242448391013967
2016-02-18 11:14:00-07:00,655.1652751669794,929.9480860747639,1766.9013635420513,1766.9013635420513,0.13242638129933212
2016-02-18 11:15:00-07:00,656.2479644808195,931.2351984145985,1769.346876987737,1769.346876987737,0.1324282786885246
2016-02-18 11:16:00-07:00,657.3146544679096,932.5028474041761,1771.7554100679347,1771.7554100679347,0.13243017607771707
2016-02-18 11:17:00-07:00,658.3653241526753,933.7510255701989,1774.1269485833777,1774.1269485833777,0.13243207346690955
2016-02-18 11:18:00-07:00,659.3999528788852,934.9797256224622,1776.4614786826783,1776.4614786826783,0.132433970856102
2016-02-18 11:19:00-07:00,660.4185203097953,936.1889404513693,1778.7589868576015,1778.7589868576015,0.1324358682452945
2016-02-18 11:20:00-07:00,661.4210064283553,937.3786631252069,1781.019459937893,1781.019459937893,0.13243776563448695
2016-02-18 11:21:00-07:00,662.4073915374099,938.5488868874594,1783.242885086173,1783.242885086173,0.13243966302367943
2016-02-18 11:22:00-07:00,663.3776562599174,939.6996051540738,1785.4292497927402,1785.4292497927402,0.1324415604128719
2016-02-18 11:23:00-07:00,664.3317815390973,940.8308115109434,1787.5785418707924,1787.5785418707924,0.13244345780206437
2016-02-18 11:24:00-07:00,665.2697486386522,941.9424997111751,1789.6907494512327,1789.6907494512327,0.13244535519125686
2016-02-18 11:25:00-07:00,666.19153914294,943.0346636725033,1791.7658609777561,1791.7658609777561,0.13244725258044932
2016-02-18 11:26:00-07:00,667.097134957211,944.1072974745966,1793.8038652017337,1793.8038652017337,0.1324491499696418
2016-02-18 11:27:00-07:00,667.9865183076961,945.16039535662,1795.804751177578,1795.804751177578,0.13245104735883426
2016-02-18 11:28:00-07:00,668.8596717418797,946.1939517145181,1797.7685082575845,1797.7685082575845,0.13245294474802674
2016-02-18 11:29:00-07:00,669.7165781286757,947.2079610984656,1799.6951260870846,1799.6951260870846,0.1324548421372192
2016-02-18 11:30:00-07:00,670.5572206585535,948.2024182104192,1801.5845945997964,1801.5845945997964,0.13245673952641168
2016-02-18 11:31:00-07:00,671.3815828437461,949.1773179015463,1803.4369040129382,1803.4369040129382,0.13245863691560414
2016-02-18 11:32:00-07:00,672.1896485184667,950.1326551696966,1805.2520448224236,1805.2520448224236,0.13246053430479662
2016-02-18 11:33:00-07:00,672.9814018390065,951.0684251570259,1807.0300077983493,1807.0300077983493,0.13246243169398908
2016-02-18 11:34:00-07:00,673.756827283944,951.984623147513,1808.770783980275,1808.770783980275,0.13246432908318156
2016-02-18 11:35:00-07:00,674.515909654356,952.8812445645124,1810.4743646725735,1810.4743646725735,0.13246622647237402
2016-02-18 11:36:00-07:00,675.2586340738843,953.7582849684586,1812.1407414400715,1812.1407414400715,0.1324681238615665
2016-02-18 11:37:00-07:00,675.9849859890182,954.6157400544348,1813.7699061034261,1813.7699061034261,0.13247002125075896
2016-02-18 11:38:00-07:00,676.6949511691506,955.4536056499263,1815.36185073486,1815.36185073486,0.13247191863995145
2016-02-18 11:39:00-07:00,677.3885157067963,956.2718777124943,1816.9165676537393,1816.9165676537393,0.1324738160291439
2016-02-18 11:40:00-07:00,678.0656660177318,957.0705523275416,1818.434049422329,1818.434049422329,0.1324757134183364
2016-02-18 11:41:00-07:00,678.7263888411329,957.8496257061124,1819.9142888416136,1819.9142888416136,0.13247761080752884
2016-02-18 11:42:00-07:00,679.3706712397933,958.6090941826787,1821.3572789470895,1821.3572789470895,0.13247950819672133
2016-02-18 11:43:00-07:00,679.9985006001667,959.3489542130568,1822.7630130048078,1822.7630130048078,0.1324814055859138
2016-02-18 11:44:00-07:00,680.6098646325622,960.069202372288,1824.131484507347,1824.131484507347,0.13248330297510627
2016-02-18 11:45:00-07:00,681.2047513713428,960.7698353525591,1825.4626871698624,1825.4626871698624,0.13248520036429873
2016-02-18 11:46:00-07:00,681.7831491749506,961.45084996123,1826.7566149263369,1826.7566149263369,0.1324870977534912
2016-02-18 11:47:00-07:00,682.3450467260963,962.112243118843,1828.0132619258018,1828.0132619258018,0.13248899514268367
2016-02-18 11:48:00-07:00,682.8904330319511,962.7540118571785,1829.232622528639,1829.232622528639,0.13249089253187615
2016-02-18 11:49:00-07:00,683.4192974241566,963.3761533174079,1830.414691303075,1830.414691303075,0.13249278992106864
2016-02-18 11:50:00-07:00,683.9316295590066,963.9786647482323,1831.5594630216412,1831.5594630216412,0.1324946873102611
2016-02-18 11:51:00-07:00,684.4274194176339,964.5615435040838,1832.6669326577594,1832.6669326577594,0.13249658469945358
2016-02-18 11:52:00-07:00,684.9066573060009,965.1247870434211,1833.7370953825,1833.7370953825,0.13249848208864604
2016-02-18 11:53:00-07:00,685.3693338550981,965.6683929269874,1834.769946561276,1834.769946561276,0.13250037947783852
2016-02-18 11:54:00-07:00,685.8154400210124,966.1923588162039,1835.7654817507873,1835.7654817507873,0.13250227686703098
2016-02-18 11:55:00-07:00,686.2449670851264,966.6966824715463,1836.7236966959379,1836.7236966959379,0.13250417425622346
2016-02-18 11:56:00-07:00,686.6579066540585,967.181361751023,1837.6445873269436,1837.6445873269436,0.13250607164541592
2016-02-18 11:57:00-07:00,687.0542506599285,967.6463946086668,1838.528149756467,1838.528149756467,0.1325079690346084
2016-02-18 11:58:00-07:00,687.4339913603864,968.0917790931082,1839.3743802769056,1839.3743802769056,0.13250986642380086
2016-02-18 11:59:00-07:00,687.797121338676,968.5175133461761,1840.1832753577346,1840.1832753577346,0.13251176381299334
2016-02-18 12:00:00-07:00,688.1436335036728,968.9235956015652,1840.954831642974,1840.954831642974,0.1325136612021858
2016-02-18 12:01:00-07:00,688.473521090203,969.3100241835731,1841.6890459487888,1841.6890459487888,0.13251555859137829
2016-02-18 12:02:00-07:00,688.7867776588652,969.6767975058565,1842.3859152611271,1842.3859152611271,0.13251745598057074
2016-02-18 12:03:00-07:00,689.0833970962107,970.0239140702668,1843.045436733507,1843.045436733507,0.13251935336976323
2016-02-18 12:04:00-07:00,689.3633736149036,970.3513724657632,1843.66760768495,1843.66760768495,0.13252125075895568
2016-02-18 12:05:00-07:00,689.6267017536261,970.6591713673251,1844.2524255979179,1844.2524255979179,0.13252314814814817
2016-02-18 12:06:00-07:00,689.8733763772227,970.947309534959,1844.7998881164222,1844.7998881164222,0.13252504553734062
2016-02-18 12:07:00-07:00,690.1033926768562,971.2157858127865,1845.3099930442945,1845.3099930442945,0.1325269429265331
2016-02-18 12:08:00-07:00,690.3167461698899,971.4645991281334,1845.7827383434535,1845.7827383434535,0.13252884031572557
2016-02-18 12:09:00-07:00,690.5134327000588,971.6937484907105,1846.2181221323501,1846.2181221323501,0.13253073770491805
2016-02-18 12:10:00-07:00,690.6934484374915,971.9032329918641,1846.6161426845417,1846.6161426845417,0.1325326350941105
2016-02-18 12:11:00-07:00,690.8567898787594,972.0930518038577,1846.9767984273296,1846.9767984273296,0.132534532483303
2016-02-18 12:12:00-07:00,691.0034538469164,972.2632041792361,1847.3000879405488,1847.3000879405488,0.13253642987249545
2016-02-18 12:13:00-07:00,691.1334374915097,972.4136894502229,1847.5860099554234,1847.5860099554234,0.13253832726168793
2016-02-18 12:14:00-07:00,691.2467382887411,972.5445070282375,1847.8345633536512,1847.8345633536512,0.13254022465088042
2016-02-18 12:15:00-07:00,691.3433540412733,972.6556564033676,1848.0457471663985,1848.0457471663985,0.13254212204007287
2016-02-18 12:16:00-07:00,691.4232828784858,972.7471371440314,1848.2195605736597,1848.2195605736597,0.13254401942926536
2016-02-18 12:17:00-07:00,691.4865232563993,972.8189488966029,1848.3560029035455,1848.3560029035455,0.13254591681845782
2016-02-18 12:18:00-07:00,691.5330739576283,972.8710913851172,1848.4550736317226,1848.4550736317226,0.1325478142076503
2016-02-18 12:19:00-07:00,691.5629340914603,972.9035644110597,1848.5167723810134,1848.5167723810134,0.13254971159684276
2016-02-18 12:20:00-07:00,691.5761030939414,972.9163678532452,1848.541098921166,1848.541098921166,0.13255160898603524
2016-02-18 12:21:00-07:00,691.5725807278486,972.9095016677052,1848.5280531686399,1848.5280531686399,0.1325535063752277
2016-02-18 12:22:00-07:00,691.5523670824404,972.8829658875502,1848.4776351863454,1848.4776351863454,0.13255540376442018
2016-02-18 12:23:00-07:00,691.5154625739269,972.8367606231932,1848.3898451840669,1848.3898451840669,0.13255730115361264
2016-02-18 12:24:00-07:00,691.4618679450631,972.7708860622644,1848.2646835183023,1848.2646835183023,0.13255919854280512
2016-02-18 12:25:00-07:00,691.3915842653257,972.6853424698412,1848.1021506926982,1848.1021506926982,0.13256109593199758
2016-02-18 12:26:00-07:00,691.304612930822,972.5801301886266,1847.9022473583907,1847.9022473583907,0.13256299332119006
2016-02-18 12:27:00-07:00,691.2009556644318,972.4552496392881,1847.6649743146475,1847.6649743146475,0.13256489071038252
2016-02-18 12:28:00-07:00,691.0806145155501,972.3107013206894,1847.39033250931,1847.39033250931,0.132566788099575
2016-02-18 12:29:00-07:00,690.9435918601811,972.146485810337,1847.0783230396403,1847.0783230396403,0.13256868548876746
2016-02-18 12:30:00-07:00,690.7898904010273,971.9626037648908,1846.7289471532924,1846.7289471532924,0.13257058287795995
2016-02-18 12:31:00-07:00,690.6195131672198,971.7590559205648,1846.3422062490733,1846.3422062490733,0.1325724802671524
2016-02-18 12:32:00-07:00,690.4324635143973,971.5358430937683,1845.9181018781596,1845.9181018781596,0.1325743776563449
2016-02-18 12:33:00-07:00,690.2287451248365,971.2929661818134,1845.4566357454455,1845.4566357454455,0.13257627504553735
2016-02-18 12:34:00-07:00,690.0083620069875,971.0304261634171,1844.9578097104927,1844.9578097104927,0.13257817243472983
2016-02-18 12:35:00-07:00,689.7713184957594,970.7482240996139,1844.4216257892665,1844.4216257892665,0.1325800698239223
2016-02-18 12:36:00-07:00,689.5176192526003,970.4463611346428,1843.8480861558212,1843.8480861558212,0.13258196721311477
2016-02-18 12:37:00-07:00,689.2472692649695,970.1248384965826,1843.2371931435068,1843.2371931435068,0.13258386460230723
2016-02-18 12:38:00-07:00,688.9602738466202,969.7836574984638,1842.588949247081,1842.588949247081,0.1325857619914997
2016-02-18 12:39:00-07:00,688.6566386374034,969.4228195391818,1841.9033571244454,1841.9033571244454,0.13258765938069217
2016-02-18 12:40:00-07:00,688.3363696033803,969.0423261046412,1841.1804195988184,1841.1804195988184,0.13258955676988465
2016-02-18 12:41:00-07:00,687.9994730364814,968.6421787687395,1840.4201396606052,1840.4201396606052,0.13259145415907714
2016-02-18 12:42:00-07:00,687.6459555545641,968.222379194565,1839.6225204696734,1839.6225204696734,0.1325933515482696
2016-02-18 12:43:00-07:00,687.2758241014724,967.7829291357133,1838.7875653578553,1838.7875653578553,0.13259524893746208
2016-02-18 12:44:00-07:00,686.8890859467256,967.3238304374385,1837.915277831133,1837.915277831133,0.13259714632665454
2016-02-18 12:45:00-07:00,686.485748685378,966.8450850379336,1837.0056615720737,1837.0056615720737,0.13259904371584702
2016-02-18 12:46:00-07:00,686.065820238356,966.34669496997,1836.058720442943,1836.058720442943,0.13260094110503948
2016-02-18 12:47:00-07:00,685.6293088518895,965.8286623620528,1835.0744584879003,1835.0744584879003,0.13260283849423196
2016-02-18 12:48:00-07:00,685.1762230976035,965.2909894400209,1834.0528799360397,1834.0528799360397,0.13260473588342442
2016-02-18 12:49:00-07:00,684.7065718725644,964.7336785286805,1832.993989204493,1832.993989204493,0.1326066332726169
2016-02-18 12:50:00-07:00,684.2203643988796,964.1567320532132,1831.897790901105,1831.897790901105,0.13260853066180936
2016-02-18 12:51:00-07:00,683.7176102236851,963.5601525408763,1830.764289827665,1830.764289827665,0.13261042805100184
2016-02-18 12:52:00-07:00,683.1983192193896,962.9439426229214,1829.5934909835507,1829.5934909835507,0.1326123254401943
2016-02-18 12:53:00-07:00,682.6625015829497,962.3081050359503,1828.3853995683055,1828.3853995683055,0.13261422282938679
2016-02-18 12:54:00-07:00,682.1101678361051,961.6526426239308,1827.1400209854685,1827.1400209854685,0.13261612021857924
2016-02-18 12:55:00-07:00,681.5413288253608,960.9775583400947,1825.85736084618,1825.85736084618,0.13261801760777173
2016-02-18 12:56:00-07:00,680.9559957215533,960.282855248623,1824.5374249723836,1824.5374249723836,0.13261991499696418
2016-02-18 12:57:00-07:00,680.3541800199247,959.5685365267134,1823.1802194007555,1823.1802194007555,0.13262181238615667
2016-02-18 12:58:00-07:00,679.7358935398878,958.8346054664738,1821.7857503863002,1821.7857503863002,0.13262370977534912
2016-02-18 12:59:00-07:00,679.1011484251038,958.0810654770825,1820.3540244064568,1820.3540244064568,0.1326256071645416
2016-02-18 13:00:00-07:00,678.4499571430223,957.3079200866405,1818.8850481646168,1818.8850481646168,0.13262750455373407
2016-02-18 13:01:00-07:00,677.7823324848966,956.5151729443642,1817.378828594292,1817.378828594292,0.13262940194292655
2016-02-18 13:02:00-07:00,677.098287565808,955.7028278228364,1815.8353728633892,1815.8353728633892,0.132631299332119
2016-02-18 13:03:00-07:00,676.3978358241874,954.8708886199789,1814.25468837796,1814.25468837796,0.1326331967213115
2016-02-18 13:04:00-07:00,675.6809910218244,954.0193593613544,1812.6367827865733,1812.6367827865733,0.13263509411050395
2016-02-18 13:05:00-07:00,674.9477672438908,953.1482442025566,1810.9816639848575,1810.9816639848575,0.13263699149969643
2016-02-18 13:06:00-07:00,674.1981788984945,952.257547431288,1809.2893401194472,1809.2893401194472,0.1326388888888889
2016-02-18 13:07:00-07:00,673.4322407164647,951.3472734696577,1807.5598195923494,1807.5598195923494,0.13264078627808135
2016-02-18 13:08:00-07:00,672.6499677517064,950.4174268768792,1805.7931110660704,1805.7931110660704,0.13264268366727383
2016-02-18 13:09:00-07:00,671.8513753804597,949.4680123512676,1803.9892234674082,1803.9892234674082,0.13264458105646632
2016-02-18 13:10:00-07:00,671.0364793014185,948.4990347328526,1802.14816599242,1802.14816599242,0.13264647844565877
2016-02-18 13:11:00-07:00,670.2052955354471,947.5104990057428,1800.2699481109114,1800.2699481109114,0.13264837583485126
2016-02-18 13:12:00-07:00,669.3578404256453,946.5024103007821,1798.354579571486,1798.354579571486,0.1326502732240437
2016-02-18 13:13:00-07:00,668.4941306368136,945.4747738977713,1796.4020704057655,1796.4020704057655,0.1326521706132362
2016-02-18 13:14:00-07:00,667.6141831553948,944.4275952281014,1794.4124309333927,1794.4124309333927,0.13265406800242865
2016-02-18 13:15:00-07:00,666.7180152897232,943.3608798775954,1792.3856717674314,1792.3856717674314,0.13265596539162114
2016-02-18 13:16:00-07:00,665.8056446691112,942.2746335885595,1790.3218038182629,1790.3218038182629,0.1326578627808136
2016-02-18 13:17:00-07:00,664.8770892441521,941.1688622627221,1788.220838299172,1788.220838299172,0.13265976017000608
2016-02-18 13:18:00-07:00,663.932367286417,940.0435719637666,1786.0827867311564,1786.0827867311564,0.13266165755919854
2016-02-18 13:19:00-07:00,662.9714973882639,938.89876891995,1783.907660947905,1783.907660947905,0.13266355494839102
2016-02-18 13:20:00-07:00,661.9944984625854,937.7344595266968,1781.6954731007238,1781.6954731007238,0.13266545233758348
2016-02-18 13:21:00-07:00,661.0013897428765,936.5506503494651,1779.4462356639835,1779.4462356639835,0.13266734972677596
2016-02-18 13:22:00-07:00,659.9921907826556,935.3473481261153,1777.159961439619,1777.159961439619,0.13266924711596842
2016-02-18 13:23:00-07:00,658.9669214554665,934.124559769747,1774.836663562519,1774.836663562519,0.1326711445051609
2016-02-18 13:24:00-07:00,657.9256019548088,932.8822923714774,1772.476355505807,1772.476355505807,0.13267304189435336
2016-02-18 13:25:00-07:00,656.868252793818,931.6205532030572,1770.0790510858085,1770.0790510858085,0.13267493928354585
2016-02-18 13:26:00-07:00,655.7948948049337,930.3393497194709,1767.6447644669947,1767.6447644669947,0.1326768366727383
2016-02-18 13:27:00-07:00,654.7055491398315,929.0386895617439,1765.1735101673135,1765.1735101673135,0.1326787340619308
2016-02-18 13:28:00-07:00,653.6002372694957,927.7185805598556,1762.6653030637256,1762.6653030637256,0.13268063145112324
2016-02-18 13:29:00-07:00,652.4789809833434,926.3790307349547,1760.120158396414,1760.120158396414,0.13268252884031573
2016-02-18 13:30:00-07:00,651.3418023896355,925.0200483025205,1757.5380917747889,1757.5380917747889,0.13268442622950818
2016-02-18 13:31:00-07:00,650.1887239152069,923.6416416750237,1754.919119182545,1754.919119182545,0.13268632361870067
2016-02-18 13:32:00-07:00,649.0197683049244,922.2438194643771,1752.2632569823163,1752.2632569823163,0.13268822100789313
2016-02-18 13:33:00-07:00,647.8349586216215,920.8265904847241,1749.5705219209756,1749.5705219209756,0.1326901183970856
2016-02-18 13:34:00-07:00,646.6343182463813,919.3899637555083,1746.8409311354658,1746.8409311354658,0.1326920157862781
2016-02-18 13:35:00-07:00,645.4178708775061,917.9339485035129,1744.0745021566745,1744.0745021566745,0.13269391317547055
2016-02-18 13:36:00-07:00,644.1856405307979,916.4585541658879,1741.271252915187,1741.271252915187,0.13269581056466304
2016-02-18 13:37:00-07:00,642.9376515395035,914.9637903929223,1738.4312017465525,1738.4312017465525,0.1326977079538555
2016-02-18 13:38:00-07:00,641.6739285536877,913.4496670503438,1735.5543673956531,1735.5543673956531,0.13269960534304798
2016-02-18 13:39:00-07:00,640.3944965403225,911.9161942221531,1732.6407690220908,1732.6407690220908,0.13270150273224043
2016-02-18 13:40:00-07:00,639.0993807830122,910.3633822131609,1729.6904262050057,1729.6904262050057,0.13270340012143292
2016-02-18 13:41:00-07:00,637.7886068818005,908.7912415515589,1726.703358947962,1726.703358947962,0.13270529751062538
2016-02-18 13:42:00-07:00,636.4622007529737,907.1997829914658,1723.679587683785,1723.679587683785,0.13270719489981786
2016-02-18 13:43:00-07:00,635.1201886287882,905.5890175153837,1720.619133279229,1720.619133279229,0.13270909228901032
2016-02-18 13:44:00-07:00,633.7625970575828,903.9589563369273,1717.5220170401617,1717.5220170401617,0.1327109896782028
2016-02-18 13:45:00-07:00,632.3894529031369,902.3096109029193,1714.3882607155467,1714.3882607155467,0.13271288706739526
2016-02-18 13:46:00-07:00,631.0007833447066,900.64099289599,1711.2178865023811,1711.2178865023811,0.13271478445658774
2016-02-18 13:47:00-07:00,629.5966158770611,898.9531142371447,1708.010917050575,1708.010917050575,0.1327166818457802
2016-02-18 13:48:00-07:00,628.1769783098534,897.2459870877507,1704.7673754667264,1704.7673754667264,0.13271857923497268
2016-02-18 13:49:00-07:00,626.7418987676604,895.5196238520173,1701.4872853188326,1701.4872853188326,0.13272047662416514
2016-02-18 13:50:00-07:00,625.2914056900361,893.7740371794516,1698.170670640958,1698.170670640958,0.13272237401335762
2016-02-18 13:51:00-07:00,623.8255278309601,892.0092399667644,1694.8175559368524,1694.8175559368524,0.13272427140255008
2016-02-18 13:52:00-07:00,622.3442942585781,890.2252453599585,1691.4279661839212,1691.4279661839212,0.13272616879174257
2016-02-18 13:53:00-07:00,620.8477343556607,888.422066756975,1688.0019268382525,1688.0019268382525,0.13272806618093502
2016-02-18 13:54:00-07:00,619.3358778189007,886.5997178092925,1684.5394638376558,1684.5394638376558,0.1327299635701275
2016-02-18 13:55:00-07:00,617.8087546589801,884.7582124241446,1681.0406036058748,1681.0406036058748,0.13273186095931996
2016-02-18 13:56:00-07:00,616.2663952001126,882.8975647661932,1677.505373055767,1677.505373055767,0.13273375834851245
2016-02-18 13:57:00-07:00,614.7088300804376,881.0177892598857,1673.9337995937829,1673.9337995937829,0.1327356557377049
2016-02-18 13:58:00-07:00,613.1360902513284,879.1189005908203,1670.3259111225586,1670.3259111225586,0.1327375531268974
2016-02-18 13:59:00-07:00,611.5482069774889,877.2009137076884,1666.681736044608,1666.681736044608,0.13273945051608987
2016-02-18 14:00:00-07:00,609.9452118370671,875.2638438241873,1663.0013032659558,1663.0013032659558,0.13274134790528233
2016-02-18 14:01:00-07:00,608.3271367210442,873.3077064202171,1659.2846421984125,1659.2846421984125,0.13274324529447482
2016-02-18 14:02:00-07:00,606.6940138334394,871.3325172437031,1655.5317827630358,1655.5317827630358,0.13274514268366727
2016-02-18 14:03:00-07:00,605.0458756911186,869.3382923119934,1651.7427553927876,1651.7427553927876,0.13274704007285976
2016-02-18 14:04:00-07:00,603.3827551236898,867.3250479132437,1647.917591035163,1647.917591035163,0.1327489374620522
2016-02-18 14:05:00-07:00,601.7046852733243,865.2928006076518,1644.0563211545384,1644.0563211545384,0.1327508348512447
2016-02-18 14:06:00-07:00,600.0116995949991,863.2415672289569,1640.1589777350182,1640.1589777350182,0.13275273224043715
2016-02-18 14:07:00-07:00,598.3038318559234,861.1713648851444,1636.2255932817743,1636.2255932817743,0.13275462962962964
2016-02-18 14:08:00-07:00,596.5811161357988,859.0822109597631,1632.25620082355,1632.25620082355,0.1327565270188221
2016-02-18 14:09:00-07:00,594.843586826591,856.9741231127234,1628.2508339141746,1628.2508339141746,0.13275842440801458
2016-02-18 14:10:00-07:00,593.0912786328174,854.8471192814379,1624.2095266347321,1624.2095266347321,0.13276032179720704
2016-02-18 14:11:00-07:00,591.3242265710062,852.7012176811209,1620.1323135941295,1620.1323135941295,0.13276221918639952
2016-02-18 14:12:00-07:00,589.5424659698243,850.5364368055646,1616.0192299305727,1616.0192299305727,0.13276411657559198
2016-02-18 14:13:00-07:00,587.7460324707573,848.3527954282787,1611.8703113137294,1611.8703113137294,0.13276601396478446
2016-02-18 14:14:00-07:00,585.9349620267257,846.1503126016999,1607.6855939432296,1607.6855939432296,0.13276791135397692
2016-02-18 14:15:00-07:00,584.1092909032159,843.9290076584823,1603.4651145511164,1603.4651145511164,0.1327698087431694
2016-02-18 14:16:00-07:00,582.2690556781215,841.688900211517,1599.2089104018823,1599.2089104018823,0.13277170613236186
2016-02-18 14:17:00-07:00,580.4142932413585,839.4300101536394,1594.9170192919148,1594.9170192919148,0.13277360352155435
2016-02-18 14:18:00-07:00,578.545040795162,837.1523576577731,1590.5894795497688,1590.5894795497688,0.1327755009107468
2016-02-18 14:19:00-07:00,576.6613358544248,834.8559631769897,1586.2263300362804,1586.2263300362804,0.1327773982999393
2016-02-18 14:20:00-07:00,574.7632162462475,832.5408474437108,1581.8276101430506,1581.8276101430506,0.13277929568913174
2016-02-18 14:21:00-07:00,572.8507201102984,830.2070314694814,1577.3933597920147,1577.3933597920147,0.13278119307832423
2016-02-18 14:22:00-07:00,570.9238858992017,827.8545365446141,1572.9236194347668,1572.9236194347668,0.13278309046751668
2016-02-18 14:23:00-07:00,568.9827523781296,825.483384236964,1568.4184300502316,1568.4184300502316,0.13278498785670917
2016-02-18 14:24:00-07:00,567.0273586254092,823.0935963914367,1563.8778331437297,1563.8778331437297,0.13278688524590163
2016-02-18 14:25:00-07:00,565.0577440321465,820.6851951284534,1559.3018707440615,1559.3018707440615,0.1327887826350941
2016-02-18 14:26:00-07:00,563.0739483032369,818.2582028434808,1554.6905854026136,1554.6905854026136,0.1327906800242866
2016-02-18 14:27:00-07:00,561.0760114570371,815.8126422051855,1550.0440201898523,1550.0440201898523,0.13279257741347905
2016-02-18 14:28:00-07:00,559.063973825416,813.3485361537231,1545.362218692074,1545.362218692074,0.13279447480267154
2016-02-18 14:29:00-07:00,557.0378760546572,810.8659078996225,1540.6452250092825,1540.6452250092825,0.132796372191864
2016-02-18 14:30:00-07:00,554.9977591050985,808.3647809213286,1535.8930837505243,1535.8930837505243,0.13279826958105648
2016-02-18 14:31:00-07:00,552.943664251719,805.8451789633837,1531.1058400304291,1531.1058400304291,0.13280016697024893
2016-02-18 14:32:00-07:00,550.8756330846569,803.3071260343568,1526.2835394652777,1526.2835394652777,0.13280206435944142
2016-02-18 14:33:00-07:00,548.793707509396,800.7506464042445,1521.4262281680647,1521.4262281680647,0.13280396174863388
2016-02-18 14:34:00-07:00,546.697929746868,798.1757646015648,1516.533952742973,1516.533952742973,0.13280585913782636
2016-02-18 14:35:00-07:00,544.588342334633,795.582505411228,1511.6067602813332,1511.6067602813332,0.13280775652701882
2016-02-18 14:36:00-07:00,542.4649881262875,792.9708938705205,1506.644698353989,1506.644698353989,0.1328096539162113
2016-02-18 14:37:00-07:00,540.3279102928112,790.3409552666441,1501.6478150066237,1501.6478150066237,0.13281155130540376
2016-02-18 14:38:00-07:00,538.1771523229812,787.692715133139,1496.616158752964,1496.616158752964,0.13281344869459624
2016-02-18 14:39:00-07:00,536.0127580234597,785.0261992457432,1491.5497785669122,1491.5497785669122,0.1328153460837887
2016-02-18 14:40:00-07:00,533.8347715197644,782.3414336188043,1486.4487238757283,1486.4487238757283,0.13281724347298118
2016-02-18 14:41:00-07:00,531.6432372566993,779.6384445009072,1481.3130445517238,1481.3130445517238,0.13281914086217364
2016-02-18 14:42:00-07:00,529.4381999994209,776.9172583708205,1476.142790904559,1476.142790904559,0.13282103825136612
2016-02-18 14:43:00-07:00,527.2197048335617,774.1779019322508,1470.9380136712766,1470.9380136712766,0.13282293564055858
2016-02-18 14:44:00-07:00,524.9877971662735,771.4204021091675,1465.6987640074183,1465.6987640074183,0.13282483302975107
2016-02-18 14:45:00-07:00,522.7425227273274,768.6447860408607,1460.4250934776353,1460.4250934776353,0.13282673041894352
2016-02-18 14:46:00-07:00,520.4839275693587,765.8510810758665,1455.1170540441465,1455.1170540441465,0.132828627808136
2016-02-18 14:47:00-07:00,518.2120580691675,763.0393147665586,1449.7746980564614,1449.7746980564614,0.13283052519732846
2016-02-18 14:48:00-07:00,515.9269609285554,760.2095148629452,1444.3980782395959,1444.3980782395959,0.13283242258652095
2016-02-18 14:49:00-07:00,513.6286831753283,757.3617093062655,1438.9872476819046,1438.9872476819046,0.1328343199757134
2016-02-18 14:50:00-07:00,511.3172721642452,754.4959262221681,1433.5422598221194,1433.5422598221194,0.1328362173649059
2016-02-18 14:51:00-07:00,508.992775578431,751.6121939139375,1428.0631684364812,1428.0631684364812,0.13283811475409837
2016-02-18 14:52:00-07:00,506.65524143035424,748.710540854915,1422.5500276243386,1422.5500276243386,0.13284001214329083
2016-02-18 14:53:00-07:00,504.3047180628435,745.790995680526,1417.0028917929994,1417.0028917929994,0.13284190953248332
2016-02-18 14:54:00-07:00,501.9412541505954,742.8535871803651,1411.4218156426937,1411.4218156426937,0.13284380692167577
2016-02-18 14:55:00-07:00,499.564898701841,739.8983442899798,1405.8068541509617,1405.8068541509617,0.13284570431086826
2016-02-18 14:56:00-07:00,497.175701059176,736.9252960813842,1400.15806255463,1400.15806255463,0.1328476017000607
2016-02-18 14:57:00-07:00,494.77371090126684,733.9344717539428,1394.4754963324915,1394.4754963324915,0.1328494990892532
2016-02-18 14:58:00-07:00,492.35897824526114,730.9259006254332,1388.759211188323,1388.759211188323,0.13285139647844565
2016-02-18 14:59:00-07:00,489.9315534468078,727.8996121202748,1383.0092630285221,1383.0092630285221,0.13285329386763814
2016-02-18 15:00:00-07:00,487.4914872031456,724.8556357601892,1377.2257079443596,1377.2257079443596,0.1328551912568306
2016-02-18 15:01:00-07:00,485.03883055473415,721.7940011528883,1371.4086021904877,1371.4086021904877,0.13285708864602308
2016-02-18 15:02:00-07:00,482.57363488665743,718.714737979959,1365.558002161922,1365.558002161922,0.13285898603521554
2016-02-18 15:03:00-07:00,480.0959519309648,715.6178759850433,1359.673964371582,1359.673964371582,0.13286088342440802
2016-02-18 15:04:00-07:00,477.6058337690999,712.5034449614706,1353.756545426794,1353.756545426794,0.13286278081360048
2016-02-18 15:05:00-07:00,475.1033328334936,709.3714747384199,1347.8058020029978,1347.8058020029978,0.13286467820279296
2016-02-18 15:06:00-07:00,472.588501910211,706.2219951674119,1341.8217908180827,1341.8217908180827,0.13286657559198542
2016-02-18 15:07:00-07:00,470.0613941417116,703.055036108192,1335.8045686055648,1335.8045686055648,0.1328684729811779
2016-02-18 15:08:00-07:00,467.5220630287751,699.8706274130451,1329.7541920847857,1329.7541920847857,0.13287037037037036
2016-02-18 15:09:00-07:00,464.9705624337107,696.6687989115871,1323.6707179320156,1323.6707179320156,0.13287226775956285
2016-02-18 15:10:00-07:00,462.4069465825302,693.4495803936945,1317.5542027480196,1317.5542027480196,0.1328741651487553
2016-02-18 15:11:00-07:00,459.83127006884763,690.2130015933006,1311.4047030272714,1311.4047030272714,0.1328760625379478
2016-02-18 15:12:00-07:00,457.24358785632865,686.9590921698407,1305.2222751226973,1305.2222751226973,0.13287795992714024
2016-02-18 15:13:00-07:00,454.64395528169433,683.6878816893087,1299.0069752096865,1299.0069752096865,0.13287985731633273
2016-02-18 15:14:00-07:00,452.0324280588576,680.3993996054337,1292.7588592503241,1292.7588592503241,0.13288175470552518
2016-02-18 15:15:00-07:00,449.40906228171303,677.0936752385089,1286.477982953167,1286.477982953167,0.13288365209471767
2016-02-18 15:16:00-07:00,446.773914428152,673.7707377543173,1280.1644017332028,1280.1644017332028,0.13288554948391013
2016-02-18 15:17:00-07:00,444.1270413642847,670.430616142157,1273.8181706700982,1273.8181706700982,0.1328874468731026
2016-02-18 15:18:00-07:00,441.46850034783967,667.073339190821,1267.43934446256,1267.43934446256,0.1328893442622951
2016-02-18 15:19:00-07:00,438.7983490327388,663.6989354645117,1261.027977382572,1261.027977382572,0.13289124165148755
2016-02-18 15:20:00-07:00,436.1166454739953,660.3074332777544,1254.5841232277335,1254.5841232277335,0.13289313904068004
2016-02-18 15:21:00-07:00,433.42344813126755,656.8988606675689,1248.1078352683808,1248.1078352683808,0.1328950364298725
2016-02-18 15:22:00-07:00,430.71881587473206,653.4732453665299,1241.599166196407,1241.599166196407,0.13289693381906498
2016-02-18 15:23:00-07:00,428.00280799007226,650.0306147733992,1235.0581680694584,1235.0581680694584,0.13289883120825743
2016-02-18 15:24:00-07:00,425.27548418328246,646.5709959219566,1228.4848922517176,1228.4848922517176,0.13290072859744992
2016-02-18 15:25:00-07:00,422.5369045866941,643.0944154493936,1221.879389353848,1221.879389353848,0.13290262598664238
2016-02-18 15:26:00-07:00,419.7871297646181,639.6008995625275,1215.2417091688023,1215.2417091688023,0.13290452337583486
2016-02-18 15:27:00-07:00,417.02622071993204,636.0904740031167,1208.5719006059217,1208.5719006059217,0.13290642076502732
2016-02-18 15:28:00-07:00,414.25423889981937,632.5631640103534,1201.8700116196715,1201.8700116196715,0.1329083181542198
2016-02-18 15:29:00-07:00,411.4712462027273,629.0189942825409,1195.1360891368279,1195.1360891368279,0.13291021554341226
2016-02-18 15:30:00-07:00,408.67730498609103,625.457988937396,1188.3701789810523,1188.3701789810523,0.13291211293260474
2016-02-18 15:31:00-07:00,405.87247807291055,621.8801714689146,1181.5723257909378,1181.5723257909378,0.1329140103217972
2016-02-18 15:32:00-07:00,403.05682875915136,618.2855647027061,1174.7425729351417,1174.7425729351417,0.13291590771098968
2016-02-18 15:33:00-07:00,400.2304208231892,614.6741907509438,1167.880962426793,1167.880962426793,0.13291780510018214
2016-02-18 15:34:00-07:00,397.39331853305526,611.0460709624625,1160.987534828679,1160.987534828679,0.13291970248937462
2016-02-18 15:35:00-07:00,394.5455866557616,607.401225872281,1154.0623291573338,1154.0623291573338,0.13292159987856708
2016-02-18 15:36:00-07:00,391.6872904669792,603.7396751486723,1147.1053827824774,1147.1053827824774,0.13292349726775957
2016-02-18 15:37:00-07:00,388.8184957601001,600.0614375366586,1140.1167313196513,1140.1167313196513,0.13292539465695202
2016-02-18 15:38:00-07:00,385.9392688569344,596.3665308001407,1133.0964085202672,1133.0964085202672,0.1329272920461445
2016-02-18 15:39:00-07:00,383.04967661821365,592.654971660705,1126.0444461553395,1126.0444461553395,0.13292918943533696
2016-02-18 15:40:00-07:00,380.14978645529794,588.9267757344079,1118.960873895375,1118.960873895375,0.13293108682452945
2016-02-18 15:41:00-07:00,377.23966634129255,585.1819574646426,1111.8457191828209,1111.8457191828209,0.1329329842137219
2016-02-18 15:42:00-07:00,374.31938482389126,581.4205300534032,1104.6990071014661,1104.6990071014661,0.1329348816029144
2016-02-18 15:43:00-07:00,371.3890110382473,577.6425053891526,1097.52076023939,1097.52076023939,0.13293677899210687
2016-02-18 15:44:00-07:00,368.44861472060995,573.8478939720433,1090.3109985468823,1090.3109985468823,0.13293867638129933
2016-02-18 15:45:00-07:00,365.49826622251476,570.036704836294,1083.0697391889585,1083.0697391889585,0.13294057377049182
2016-02-18 15:46:00-07:00,362.53803652628346,566.2089454705995,1075.7969963941391,1075.7969963941391,0.13294247115968427
2016-02-18 15:47:00-07:00,359.5679972600931,562.3646217348614,1068.4927812962367,1068.4927812962367,0.13294436854887676
2016-02-18 15:48:00-07:00,356.588220714911,558.5037377758808,1061.1571017741735,1061.1571017741735,0.1329462659380692
2016-02-18 15:49:00-07:00,353.59877986225086,554.6262959412088,1053.7899622882967,1053.7899622882967,0.1329481633272617
2016-02-18 15:50:00-07:00,350.5997483716599,550.732296690409,1046.391363711777,1046.391363711777,0.13295006071645415
2016-02-18 15:51:00-07:00,347.59120063077347,546.8217385073144,1038.9613031638974,1038.9613031638974,0.13295195810564664
2016-02-18 15:52:00-07:00,344.5732117652035,542.894617811095,1031.4997738410807,1031.4997738410807,0.1329538554948391
2016-02-18 15:53:00-07:00,341.5458576595662,538.9509288684618,1024.0067648500776,1024.0067648500776,0.13295575288403158
2016-02-18 15:54:00-07:00,338.5092149803452,534.9906637089894,1016.4822610470799,1016.4822610470799,0.13295765027322404
2016-02-18 15:55:00-07:00,335.46336119873916,531.0138120430379,1008.9262428817719,1008.9262428817719,0.13295954766241652
2016-02-18 15:56:00-07:00,332.4083746166544,527.0203611876477,1001.3386862565307,1001.3386862565307,0.13296144505160898
2016-02-18 15:57:00-07:00,329.3443343916258,523.0102959981709,993.7195623965248,993.7195623965248,0.13296334244080146
2016-02-18 15:58:00-07:00,326.27132056481094,518.9835988130884,986.068837744868,986.068837744868,0.13296523982999392
2016-02-18 15:59:00-07:00,323.1894140903332,514.9402494137584,978.386473886141,978.386473886141,0.1329671372191864
2016-02-18 16:00:00-07:00,320.09869686500843,510.8802250025083,970.6724275047658,970.6724275047658,0.13296903460837886
2016-02-18 16:01:00-07:00,316.9992517614044,506.80350020771914,962.9266503946664,962.9266503946664,0.13297093199757135
2016-02-18 16:02:00-07:00,313.8911626614736,502.7100471195778,955.1490895271978,955.1490895271978,0.1329728293867638
2016-02-18 16:03:00-07:00,310.7745144921823,498.5998353661774,947.339687195737,947.339687195737,0.1329747267759563
2016-02-18 16:04:00-07:00,307.64939326361343,494.4728322403706,939.4983812567042,939.4983812567042,0.13297662416514874
2016-02-18 16:05:00-07:00,304.5158861094422,490.3290028893019,931.6251054896735,931.6251054896735,0.13297852155434123
2016-02-18 16:06:00-07:00,301.37408132796685,486.1683105791938,923.7197901004682,923.7197901004682,0.13298041894353368
2016-02-18 16:07:00-07:00,298.2240684278479,481.99071705762924,915.7823624094956,915.7823624094956,0.13298231633272617
2016-02-18 16:08:00-07:00,295.06593817519826,477.79618303098204,907.8127477588658,907.8127477588658,0.13298421372191865
2016-02-18 16:09:00-07:00,291.8997826427874,473.58466878369757,899.8108706890255,899.8108706890255,0.1329861111111111
2016-02-18 16:10:00-07:00,288.7256952638609,469.35613497332014,891.7766564493082,891.7766564493082,0.1329880085003036
2016-02-18 16:11:00-07:00,285.54377088710936,465.1105436350084,883.710032906516,883.710032906516,0.13298990588949605
2016-02-18 16:12:00-07:00,282.35410583690725,460.84785944538305,875.6109329462278,875.6109329462278,0.13299180327868854
2016-02-18 16:13:00-07:00,279.1567979752448,456.56805129607903,867.4792974625501,867.4792974625501,0.132993700667881
2016-02-18 16:14:00-07:00,275.9519467686781,452.27109424606664,859.3150790675267,859.3150790675267,0.13299559805707348
2016-02-18 16:15:00-07:00,272.7396533593093,447.95697192995294,851.1182466669105,851.1182466669105,0.13299749544626593
2016-02-18 16:16:00-07:00,269.5200206391083,443.6256795152034,842.8887910788864,842.8887910788864,0.13299939283545842
